task_id,size,compute_intensity,memory_required,arrival_time,duration_estimate,dependencies
0,743,0.688811988195308,1804,0.0023463404498842953,0.5387286157960729,[]
1,104,0.9579212815507392,975,0.003194321909457321,0.023004666066228023,[0]
2,329,0.15365823071875379,192,0.020712109285248883,0.2886975596598078,[]
3,145,0.09871688796655763,604,0.024431748439553154,0.09222114179047079,[]
4,150,0.8067528204687924,100,0.02671313453065739,0.04445733675345731,[]
5,186,0.1399361310081195,100,0.026950953779439433,0.12535243800381088,[]
6,109,0.882254491210319,100,0.029851407992366425,0.026034649618238953,[]
7,169,0.27384665799954105,509,0.03352196247191257,0.08977907893729058,"[1, 2, 5]"
8,180,0.6490042717783392,1081,0.037401261151663576,0.06646409786619106,[]
9,101,0.6436933205413488,100,0.038304477615377704,0.028065480106668463,"[1, 3, 4]"
10,108,0.6491846710452518,1315,0.040523940977458865,0.030884872223410617,"[0, 1, 6]"
11,229,0.9495434252883475,796,0.041160802945536375,0.07560003439185713,[]
12,145,0.05812495414085972,1332,0.04485919713942271,0.09892830379266346,[]
13,121,0.721074167130208,985,0.05676552478865259,0.03446958161088745,"[0, 10, 12]"
14,299,0.7297946906122648,270,0.060641024298483455,0.1329456613346819,[]
15,311,0.8005113456642461,387,0.06342631276222653,0.13336026143761448,[]
16,108,0.7838714288333991,620,0.06468214945360565,0.027644841164964053,[]
17,135,0.6081228784700959,243,0.07075258433800992,0.04476233480518103,[]
18,187,0.7807639035218877,675,0.07094050672683754,0.06313836489198209,"[9, 15]"
19,114,0.37066049536784623,1101,0.07287455819517452,0.04420877056162264,"[3, 4, 10]"
20,1465,0.8062824599733183,3431,0.07383614449675813,1.3574359339124586,[]
21,124,0.8108711799627386,353,0.07488177520319644,0.0333098373694931,[]
22,355,0.8653048311049761,1812,0.08581780431290408,0.15492193138106414,[]
23,653,0.7014618202874313,212,0.08814613170860143,0.4391974373830883,[]
24,3192,0.19951430553489702,6000,0.09112101122375885,8.152629827145462,"[9, 17, 19]"
25,101,0.7875867611118341,942,0.09276889806559016,0.02492904020546613,[]
26,359,0.3045571168346317,375,0.10933757544624119,0.26735283398638476,[]
27,172,0.8630074938601008,2106,0.11026616852771996,0.05233526490263671,"[5, 14, 19]"
28,201,0.8232296158176405,578,0.1182709181892624,0.06810184433907637,[]
29,106,0.7960363857960381,100,0.12062560213290018,0.026628187327112984,[]
30,181,0.11068797263707769,100,0.12231375543447279,0.1260951827910715,[]
31,117,1.0,2077,0.12966199513670146,0.02668010494731983,[]
32,1196,0.9048019743994953,1763,0.1361367979512849,0.9310685572987863,[]
33,105,0.1228180922243245,1871,0.13902671510765138,0.054628934341211556,[5]
34,427,0.5187033338072969,938,0.15392067120184177,0.27390129469133084,[]
35,682,0.8344068131402023,2290,0.15870429724561413,0.422073719228449,[]
36,176,0.2481217728428127,819,0.1643574186229703,0.09869535360614659,[]
37,201,0.11169213415204665,100,0.1729432816154213,0.14731982363348373,[]
38,190,0.6844484089910516,1950,0.17314199414975426,0.06992206608460098,[]
39,122,0.6957038606397149,1570,0.17522430519661772,0.03563822903176023,[]
40,143,0.5783238945517091,1675,0.17542417908227145,0.05014813973855378,[]
41,240,0.2492141033936662,100,0.17971339883741252,0.1569317864159503,[]
42,119,0.7137384878434452,1028,0.1838395591327945,0.03382169107309923,[]
43,158,0.7410347143312834,100,0.1876609222567305,0.050605963817210955,[23]
44,226,0.05519156585026759,100,0.1962868515257734,0.1935173012300018,[]
45,1721,0.7281555778747565,3228,0.21099767421558963,1.8383064902340358,[]
46,144,0.7980983792097311,100,0.21508447625339708,0.04209554440779472,"[11, 43]"
47,200,0.7243093909488405,100,0.21601419622630338,0.07305565060697071,[]
48,149,0.13546777908025137,100,0.21751938293720038,0.0905077706674418,[]
49,109,0.18772112508424854,866,0.21909950016277863,0.05232718619409767,[]
50,105,0.6768269232490175,399,0.23167694094027874,0.028911548499168545,[]
51,154,0.9372377796547247,100,0.2391933808665391,0.04204868868336596,[]
52,175,0.23424569180075144,2261,0.2480286435611624,0.09970470802789215,[]
53,179,0.7355724819832052,1713,0.26024741444061295,0.0612930621820902,[]
54,121,0.23331732948398243,100,0.2613947653553263,0.05739659212262006,[]
55,123,0.05,100,0.2616349240704475,0.0784323048640099,[]
56,309,0.7436741388539637,3157,0.26347416140704943,0.13811190496733833,[]
57,197,0.8233465796480244,1196,0.2711520388150154,0.0660732607528063,[]
58,196,0.8251194972219674,100,0.2758356266664222,0.06548307467887571,[]
59,499,0.3905907236926994,1225,0.27883309532299466,0.3957971395288392,[]
60,342,0.647683912952824,1889,0.2819079816005148,0.17426768616186153,[]
61,132,1.0,100,0.2862413187280702,0.031971987739269514,[]
62,114,0.899711522189782,100,0.2922224593162688,0.02749911640119155,[]
63,184,0.1496762514334252,1413,0.31030252830443394,0.12148698185491258,[]
64,169,0.8786033955712084,100,0.31046413548810503,0.05039537869781109,"[38, 52]"
65,119,0.5823318610727818,100,0.314296334372848,0.037928004945436175,[]
66,179,1.0,1748,0.317561950071289,0.05048801397911742,[]
67,131,0.6584797480482486,857,0.31994224068267324,0.04092780912702015,[]
68,610,0.13829095917131248,100,0.32194722979878293,0.7464076114266832,[]
69,106,0.817396632916957,1119,0.3314601548481639,0.026196438340150827,[]
70,1171,0.881585162048909,2908,0.3314867253544412,0.9171865601978817,[]
71,153,0.7090307049851547,944,0.3353157097052407,0.049499386436587765,[]
72,226,0.8012951537954095,100,0.33908912103515315,0.08256326258930669,[]
73,182,1.0,100,0.34102215767152033,0.05176256905868907,[]
74,215,0.1928325963442563,100,0.34214870253181595,0.14388959086596428,[]
75,107,0.7440258025271729,1719,0.35005512850777337,0.02813495846245456,[]
76,116,0.8183511823087736,585,0.3735687549781349,0.029967869638316116,[34]
77,5000,0.8970077777913728,10000,0.37782537800373445,8.003062019579254,"[35, 67]"
78,201,0.7370128354379218,218,0.3779418368244555,0.0728483769445827,"[58, 59]"
79,106,1.0,271,0.3806193423971385,0.02300739977582092,"[52, 54, 63]"
80,234,0.763903383418092,1627,0.38201243997919576,0.08955913899050597,[]
81,126,0.8326133022242118,100,0.38315940703084067,0.0335622967935135,[]
82,310,0.7295656309457241,100,0.3943187221349498,0.14037534142441369,[]
83,192,0.5918070592116278,2080,0.39587903068402613,0.07705590848033374,[]
84,261,0.19623652975751518,1625,0.41070536678978714,0.19151551167768135,[]
85,144,0.23078017688920593,100,0.41874893905943666,0.07477509611757603,[]
86,110,0.8018433933065393,567,0.4202402124590814,0.02802401032373557,"[65, 79, 82]"
87,206,0.7141642219818787,1112,0.4234720113925327,0.07700579330443788,"[49, 56, 57]"
88,225,0.8271578837195374,100,0.4236731368985596,0.08041761446766717,[]
89,221,0.19604448461433452,1123,0.4238458145162807,0.14926274149803373,[]
90,129,0.8096120776940984,100,0.43315295088277606,0.03537870189120062,[]
91,105,0.9255756125573521,100,0.4337953397201343,0.02386677238789567,"[46, 51, 66]"
92,117,0.8984322398476584,100,0.43948700296326654,0.028617873845170675,[]
93,188,0.2166452208213056,868,0.4426369401787735,0.11374506544258095,[]
94,119,0.13768594735752357,100,0.4462311989417357,0.06437445948037525,[]
95,104,0.9420504247989855,100,0.44838607714710105,0.023257849833924586,[]
96,308,0.22029230208512998,100,0.4492216415710686,0.2373106896012624,[]
97,106,0.7387211309515614,100,0.4535601707987159,0.027860265560514512,[]
98,374,0.8658544272672831,2758,0.4691385525624823,0.1674568774030079,"[72, 86, 93]"
99,171,0.7217904314727531,100,0.4691441562588514,0.05787585847516092,"[50, 87, 90]"
100,266,0.6299006448061247,125,0.4724975946334598,0.12141775497356395,[]
101,149,0.2648636334720961,1285,0.47527480358401,0.07519611274294194,[]
102,213,0.7777587221544435,100,0.47570466886852186,0.07693439642717151,[]
103,197,0.8897888538760342,187,0.4784259545819896,0.06291446602090645,[]
104,102,0.8950502755282626,100,0.4796242549888839,0.023351264247386264,[]
105,114,0.8707715541249621,950,0.4968646666948879,0.028079682541527942,[]
106,192,0.3249201767487534,875,0.5040216272579066,0.10198584930286789,[]
107,109,0.6641728803276647,100,0.5046455230787766,0.030911655794429047,[]
108,178,0.13653949647066435,1351,0.5049773383327439,0.11797898274501836,[]
109,105,1.0,100,0.5050357812629986,0.02268259244442751,[]
110,371,0.7975823022901871,170,0.5109727018349446,0.17415099128627368,[78]
111,131,0.9317394065634326,459,0.5190632811979282,0.03311638821162561,[]
112,164,0.7348581996385553,100,0.5242214762065287,0.05378345311077674,[]
113,1197,0.8522835488035501,1820,0.5254587469974314,0.9684416543984876,[]
114,171,0.8038003478168201,462,0.5289064725410486,0.05423542815940228,"[74, 79, 107]"
115,148,0.9148765700372103,100,0.5391365025497729,0.04024148680407492,"[71, 82, 96]"
116,197,0.21909377507733158,100,0.5394019077293246,0.12159446605418767,[]
117,154,0.8067753572762163,708,0.5419342416531399,0.0462466357543193,[]
118,132,0.7267315808742382,769,0.5456221414027106,0.03909411183066365,"[70, 74, 90]"
119,406,0.768044323768092,1760,0.55720432683414,0.20401148450532675,[]
120,130,0.9171580526882511,2288,0.5624402357404336,0.033074762897560075,[]
121,183,0.7696968359001971,331,0.5664161321885736,0.06165617764418268,[]
122,198,1.0,429,0.5673384176766244,0.058736292017797655,[]
123,514,0.6369326632584736,1198,0.5767304767840098,0.32412306335430235,[]
124,170,0.8179416812831269,2160,0.5792378683804169,0.05318353355913215,[]
125,454,0.21293069751663404,1288,0.582056030902128,0.4290782139871943,[]
126,154,0.2390402343916267,100,0.5831539935116522,0.0817735776055853,[]
127,586,0.7171071919134079,1335,0.5886987619158869,0.36856797399565755,[]
128,1226,0.6941360650602919,2515,0.5912521001538126,1.1367943076651168,[]
129,114,0.1433204826953901,756,0.5992938200943508,0.059831500958148556,[]
130,106,0.8477003719395073,100,0.6020566386269041,0.025607397892207777,[90]
131,158,0.8414541814379789,100,0.6065695188646006,0.0468176690030731,[]
132,232,0.8302685348995986,100,0.6093643454928592,0.08400258651508019,[]
133,105,0.08992207171633151,100,0.6109664784551093,0.05767522575931336,[]
134,162,0.13781816994936089,1025,0.6113262352587675,0.10222935829669241,[]
135,201,0.6827396743138684,100,0.6219308493412162,0.0761912188102982,[]
136,206,0.7739501438061278,2138,0.6476283327147527,0.0733919451794566,"[94, 120]"
137,119,0.7449272975911363,1051,0.6497540329622413,0.03297436585959868,[]
138,112,0.9689690413358725,2117,0.6600851459224527,0.025516105604676542,[]
139,140,0.9476146110720066,1363,0.6635624251316165,0.03618587641640595,[]
140,110,0.1453739828969103,1201,0.669952712275124,0.05652981629372104,"[108, 112, 117]"
141,104,0.7386597336459061,100,0.6963123721588074,0.027076840654375958,[]
142,160,0.8436938169746351,1510,0.696633954477805,0.04762989841249536,[]
143,164,0.6633121301584579,103,0.7015234001919001,0.05709124521006401,[]
144,322,0.7423489599273281,100,0.7041966848650008,0.14707545709543585,"[100, 112, 115]"
145,275,0.5568286428737852,452,0.7056555264660165,0.13645657467349578,[]
146,433,0.7969884532899901,1125,0.7069426792555813,0.2196826378953782,[109]
147,1355,0.9528468426412532,3217,0.7086750438987696,1.08564818065545,[]
148,109,0.6955190805978967,100,0.7140175733525098,0.030101160195536505,[]
149,675,0.1778746376414228,1073,0.718763445755271,0.8180997763886435,[]
150,125,0.7832878286213589,532,0.7239530661606521,0.03443823968285992,[]
151,342,0.8662881268667413,1857,0.7270389946999127,0.14638509698107555,"[114, 137]"
152,308,0.7012918229711977,2102,0.7338197228901718,0.14229104007345042,[]
153,351,0.8826994389117319,1499,0.7375330822549425,0.1503948234070266,[]
154,342,0.6928745850307275,689,0.7445914437842007,0.1676657567067941,[]
155,274,0.23939119732361525,100,0.7497466584524664,0.1939775940494734,"[112, 153, 154]"
156,198,0.9221033695525354,978,0.7632704364744879,0.06195361034438624,"[141, 153]"
157,120,0.7159718569342871,100,0.7647875001312698,0.034186004507092395,[]
158,271,0.14739219677880414,527,0.7677743206255951,0.21791467401275252,"[137, 154]"
159,227,0.7917352214961811,100,0.7681246540891927,0.08372695254127964,[]
160,697,0.7551619780946118,3404,0.7690309119773018,0.4636063674589247,[]
161,169,0.3397226422558763,395,0.774293948648872,0.08273593767491759,[]
162,279,0.1290966288335295,100,0.7745607235164143,0.23425504187701265,[]
163,162,0.16395265957954042,835,0.7816290822554969,0.09820540859823541,[]
164,267,0.19389565745300044,100,0.8026241608801467,0.19882579262468186,[]
165,158,0.3038388755734612,821,0.8064927138101663,0.07812978416171681,[]
166,925,0.05,2050,0.8139646034018582,1.6175209324587267,[]
167,195,0.8765390214170434,198,0.8182735376065564,0.06255519611645523,[]
168,221,0.8833807339159365,100,0.819133145664503,0.07510116732942357,[]
169,1544,0.14534926054912456,2572,0.8207542154623554,2.9728714291614486,[]
170,111,0.7264196084957171,425,0.8260650274050289,0.030154031390647974,[]
171,159,0.8265056044840313,272,0.8342031268272969,0.0477954546626431,[]
172,112,0.6810988717619966,100,0.8392379153747646,0.03173516636486946,[129]
173,107,0.8469559169352928,100,0.845959739191022,0.025984973851230442,[]
174,105,0.7664020490427056,642,0.84633697283914,0.026866577397249545,[]
175,261,0.8342612398213891,742,0.8466917973050054,0.09993552331854691,[]
176,104,0.8859257224999841,554,0.8549273931496396,0.024199703987327032,"[142, 143, 175]"
177,126,0.8428312962473496,1151,0.8566910767493658,0.03330691151243071,[]
178,114,0.2734304675561497,100,0.8678332212015811,0.049766374213841606,"[169, 172, 174]"
179,141,0.8806564176681,488,0.8693996494973275,0.03834802952061468,[]
180,149,0.7437386517171344,2576,0.87257066251694,0.0462434547130442,[]
181,181,0.8297921065259803,650,0.8757856752391759,0.0579074060975987,[]
182,146,0.14915446599702564,176,0.8788930829066008,0.08593720692344521,[]
183,125,0.9038239592865758,336,0.8873757523384483,0.0314812790676537,[]
184,211,0.2758106198517472,334,0.8875263384778924,0.1249303517340671,"[147, 175, 177]"
185,246,0.8558769784560627,1409,0.8926051964866556,0.08998753879019733,[]
186,106,0.782536214819007,100,0.8955839657256475,0.026908479670963232,[]
187,138,0.7261369187973931,107,0.8959327773920894,0.04180995117923654,[]
188,181,0.1071020045677375,100,0.9058259641608287,0.12683998892872927,[]
189,107,0.7921729336196586,100,0.912948043889165,0.02708663319721405,[]
190,112,0.7845534481132024,654,0.9165319798382836,0.02917929903483737,[]
191,100,0.8436425129493079,1526,0.9189133784768255,0.023535111681061288,[162]
192,337,0.8542826559319024,1522,0.9203312140737565,0.144455983270979,[144]
193,161,0.1947980311541986,1963,0.9352218688310562,0.09297800746269258,[]
194,163,1.0,100,0.938602514665838,0.043872274210991664,[]
195,236,0.5800389281499446,100,0.9408517010816373,0.10615210124181676,[]
196,299,0.6976772233856703,100,0.9453268767797356,0.1365107937739248,[]
197,102,0.8722696009522619,100,0.9468057676686628,0.023738912236811054,[]
198,102,1.0,664,0.9600493042356595,0.021717458414832982,[]
199,131,0.9446933538199558,402,0.9686176830000957,0.03281944772589163,[]
200,3268,0.3209266110968739,5096,0.9697374712719001,7.1964570510694905,[186]
201,118,0.8059932630266329,513,0.9729729607018478,0.031037167093903365,[]
202,109,0.4980487844179175,401,0.9781909887942252,0.036056866080835796,[]
203,105,0.8807122596637311,100,0.9830922540599843,0.02464227316626253,[]
204,170,0.8392415967178768,100,0.9912393987899617,0.05233767813610251,[]
205,124,0.14759116020654076,400,0.9946721976444604,0.0674266551183126,[]
206,100,0.7672105283487083,355,0.9965827973072299,0.024954635314537024,[]
207,120,0.7341883510924744,100,0.9966019334932118,0.03368142256800347,[]
208,343,0.8262561329001926,879,0.9981781816856555,0.15146551815112244,[]
209,137,0.8265362349399629,100,1.0102147520514615,0.03822625330411467,[]
210,194,0.8965397484591171,1624,1.012666998620274,0.06118560994128194,[]
211,744,0.738234810456565,1171,1.0198242479090578,0.5182703862703771,[]
212,103,0.8000527958856598,807,1.024990466896318,0.02542698386444809,[]
213,116,0.749185980235269,100,1.0280501428815678,0.03162713718697705,[]
214,316,0.8622207144043402,100,1.0307437349948867,0.13040166718854565,[]
215,117,0.6446241233983936,1051,1.0413515876913986,0.03496358027311161,"[183, 196, 206]"
216,266,0.7645959289058977,100,1.041437052291691,0.10848524536547885,[179]
217,275,0.83257073578132,180,1.0463068321536508,0.10822030887451628,[]
218,211,0.26385178605944853,185,1.0487633011275397,0.12688625645179835,[]
219,435,0.6910919883852196,714,1.051937581813189,0.24087325529020928,[]
220,120,0.7470062230537511,464,1.0557090760863315,0.03333521406160717,[]
221,150,0.74362998249421,216,1.0639335075980858,0.04671385461180109,[190]
222,174,0.7686941969476846,347,1.0648213703170784,0.05720933756414933,[212]
223,1150,0.2487164440220192,2957,1.0753137016531533,1.6471357330860843,[]
224,111,0.7635450853464977,100,1.0909680370808563,0.029268045755996706,[]
225,145,0.7818224724117068,463,1.0951108633204163,0.043074884553731804,[]
226,347,0.8661995567063305,1232,1.1068152882039284,0.14961670018844767,[]
227,116,0.2746100986869324,100,1.1107471493422958,0.051003952099153996,"[178, 206]"
228,452,0.7146060291612307,100,1.1154504636582705,0.2501913091658697,"[180, 195, 205]"
229,103,0.2641815530241691,100,1.1156071838395767,0.0432572879220886,[198]
230,159,0.24261195264046617,134,1.1240824565603802,0.08537559657291688,[]
231,193,0.16076852312660966,100,1.1441432475660414,0.12831771491724117,[222]
232,132,0.71714845638625,100,1.1468904616811408,0.039401916304682295,[]
233,125,0.8087578218953589,645,1.1484539827109106,0.033768030329825796,[187]
234,339,0.11356089290858193,537,1.1510000782657592,0.3216931968074752,[]
235,146,0.3677462930312606,100,1.163299119430241,0.06428897722488484,[219]
236,280,0.8330142615789073,1454,1.1634772963279865,0.1111481532419049,[]
237,166,0.16035641705685852,1728,1.166937353155865,0.10241975428332202,[]
238,183,0.05,1992,1.174625212347514,0.14233573394276222,[]
239,117,0.27372913165470525,100,1.1747688111823382,0.051723730933320576,[203]
240,132,0.7787191738518395,226,1.1855558934968242,0.037504702040591274,[]
241,142,0.7777795337077099,100,1.1886293227288873,0.041877099017195475,[]
242,376,0.7323695795283375,1715,1.1953767468162837,0.18708578820020041,[]
243,142,0.9118881620298399,2117,1.1974941027127497,0.03789938997596943,"[196, 222]"
244,193,0.8280636404490137,2144,1.201606719317413,0.06384355718689817,[]
245,344,0.9096469233810884,100,1.2102194265940702,0.14312889422339417,[]
246,362,0.7199961435602354,660,1.2112327144676474,0.1785272017781921,[]
247,469,0.28484308822052845,100,1.2193691370538946,0.4092384452857444,[]
248,200,0.32000789564268617,100,1.2197135553406901,0.10907543643819469,[]
249,172,0.736463761117437,100,1.2490728226404948,0.05769142654935622,[]
250,136,0.8897066196887132,1546,1.2494287651718081,0.036089863239557436,[]
251,117,0.7798508466052483,227,1.2494707594403687,0.031269391685079216,[]
252,169,0.24572804046152413,1793,1.256880593085288,0.09316431248971373,[]
253,295,0.8409762795959498,100,1.2638471273898233,0.11948459841025744,[]
254,113,0.22965755451407618,689,1.2706260149979653,0.05205933089375428,[]
255,183,0.8190635591265025,1307,1.2777349040110793,0.059348659226368235,[]
256,153,0.7152366071380916,100,1.278585742877832,0.049246605745937484,[]
257,117,0.8015618333949603,1136,1.2799678094185036,0.030747795759032207,[217]
258,243,0.7330524374910857,761,1.2835776114346749,0.0971466579070331,[]
259,226,1.0,100,1.2919531933805277,0.07162611565933508,[]
260,871,0.7704081578983115,2841,1.2938675872846244,0.6398585221514066,[222]
261,212,0.9962587190530795,427,1.29948395118932,0.06523746805999676,[]
262,123,0.3230874513154735,1931,1.3047136560442303,0.05240970155268662,"[238, 256]"
263,185,0.7645938453132911,100,1.3105891545662045,0.06292258104453388,[]
264,209,0.8493653565306089,100,1.3131097420076077,0.07080923023932012,[]
265,113,0.7888397669157099,100,1.3158008807791803,0.02947261951769067,[]
266,112,0.25432966640822907,100,1.3369017233741847,0.049689639500989514,[]
267,321,0.6645719945564519,100,1.33700539483511,0.15616769726477261,[]
268,458,0.751115015725723,637,1.3379377380594097,0.24774276510750945,[]
269,189,0.3512016000005722,262,1.3440701175048178,0.09652954852392064,[]
270,100,0.18392625586881362,1235,1.345937696064796,0.046237114499299875,[]
271,231,0.08543414288346451,100,1.3484561845342,0.1896443562058338,[]
272,2453,0.8173961149685708,3866,1.3524181226274314,2.916284865013046,[]
273,101,1.0,100,1.3665202327624204,0.021398868090521883,[]
274,204,0.16955902536621886,650,1.372328618652413,0.13761202403506603,[]
275,161,0.9729114768069534,396,1.375019134874072,0.04385934765459506,[]
276,141,0.8095301353873937,452,1.3852051112506854,0.04043087793997176,[]
277,361,0.1969420980496533,1895,1.385910934014113,0.31121756788394805,[]
278,185,0.5956173705077883,1302,1.3975859991604211,0.07262709670554521,[]
279,644,0.9238237940646432,411,1.3990431007086694,0.3629715238361088,[]
280,1965,0.21354024824836115,2261,1.4011029012488083,3.8603382224704057,[]
281,253,0.7419176047153498,636,1.405547897464107,0.10246793835373286,[]
282,122,0.7363710454321919,100,1.406868088095128,0.03446600290185714,[]
283,688,0.8742152804376457,2374,1.421699241209195,0.4152674432945025,[]
284,161,0.7826678845749453,929,1.42884367063759,0.0503645076816801,[]
285,211,0.8131419344041352,100,1.432072010662116,0.073809457361579,[]
286,152,0.8305106733240729,100,1.4376158168061146,0.04453967247657276,[]
287,579,0.8649228790305099,1915,1.447201817900911,0.32278231501831817,[]
288,151,0.8224848816045639,787,1.449249236703768,0.044368495764230416,[]
289,103,0.6843464015162272,811,1.4503639625042553,0.02791110896406298,[]
290,332,0.6565534658150314,100,1.4600708338595514,0.16540224928398253,[]
291,106,0.05,100,1.4628911959239113,0.06274745393405705,[]
292,102,0.9699494452671347,1282,1.464630309316427,0.022161434005187428,"[264, 268]"
293,379,0.2727080020450954,1201,1.4677334297060012,0.30195582029984386,[]
294,126,0.18555315847002068,100,1.4748164645192696,0.06524010954897956,[]
295,185,0.7583848144138552,780,1.4889019525083484,0.06323304907108881,[]
296,214,0.8415065094935984,100,1.4895236699378156,0.07379515948127335,[]
297,139,0.8043083008024386,100,1.4939042751321943,0.03973213863695535,"[250, 260, 262]"
298,172,0.15594035315338056,1384,1.4941701498645024,0.10874976346937336,[]
299,114,0.34942512462563324,664,1.4983401123920346,0.04531397643052985,[]
300,116,0.14666952665721292,457,1.4999532567219522,0.06109484789421936,[]
301,632,0.8764698334664675,100,1.5045557817695858,0.3650134936335698,[]
302,578,0.7279585143196163,393,1.5065739390956931,0.3578558019785692,[]
303,103,0.677601793325683,881,1.514000582669062,0.028070967326366037,[]
304,103,0.8912483389547415,100,1.528082925542966,0.023760259429133197,[]
305,252,0.6238633222526696,803,1.5310188969634044,0.11256083680922148,[]
306,171,0.20990690759234099,100,1.5327173213429977,0.09960766593755813,[]
307,129,0.7123069549216345,100,1.5332204525694646,0.03821835311738384,[]
308,151,0.6850370801049187,100,1.533478047756637,0.04951462351079836,"[270, 292]"
309,115,0.6230541404683406,100,1.5636872543308837,0.034725304860820885,"[267, 301]"
310,168,0.09804937976158129,1270,1.5818973125575337,0.11514017316546682,[]
311,170,0.32102435005068763,100,1.5842451069623973,0.0853723712715377,[]
312,118,0.6014538979582238,100,1.585515173747744,0.03680075144607377,[]
313,117,0.7989062162983804,100,1.5859512757310714,0.030810659706463708,[]
314,139,0.8252167350475577,100,1.5879866165350411,0.039105270000196916,[]
315,111,0.11936373028636987,100,1.5951255521417687,0.059708848878811865,[]
316,103,0.35677961311964723,100,1.6008179948075445,0.03858217557669529,"[273, 308]"
317,116,0.8928045071005692,774,1.6103227824355577,0.028365916514151913,[]
318,101,0.8663447729151511,100,1.6178824490874761,0.023492095678969673,[]
319,107,0.15468941320192878,1108,1.627915724102189,0.053461402574304824,[]
320,185,0.6279554389763288,2197,1.6324257137552176,0.07054490449760949,[]
321,118,0.8618630120109743,100,1.6397433476983325,0.029763882835921428,[]
322,104,0.3072886742992894,533,1.640977416982333,0.041545228244448174,[274]
323,464,0.9182234028938315,2088,1.646961290604618,0.22286010110020357,[]
324,100,0.26526464071770783,100,1.6487149260672365,0.04132266789698554,[]
325,101,0.9165032104839458,100,1.6532153078422869,0.022660239594385737,[]
326,110,0.12398105510379137,507,1.6553136168122986,0.05846791724764934,[]
327,274,0.07024903600177697,100,1.661840677459351,0.2515134905335419,"[304, 306, 322]"
328,219,0.8532006198821943,799,1.66616026609749,0.07573628252584533,[]
329,190,0.4086047049537114,100,1.6727115494491105,0.09114973703717724,[]
330,109,0.7946095150994261,100,1.6738038578206482,0.02779719362647666,[]
331,106,0.21961314590239076,100,1.6777014634888299,0.0479578504926486,[]
332,196,0.7997596159081146,100,1.6790326373632605,0.06676072862472646,[]
333,127,0.9589838978180685,828,1.6804864843771683,0.03102094920851934,[]
334,151,0.25027844268951943,2098,1.6856081687426416,0.07820651844586243,[]
335,101,0.6973630792334108,1432,1.6977228553154844,0.026807492808558254,[]
336,256,0.8678931290059279,375,1.700243241097027,0.09469079872827954,[]
337,179,0.7406188591931295,192,1.7008849503053476,0.061043744746819756,[]
338,112,0.6846667596794256,100,1.704410357404268,0.03163958884004598,[302]
339,105,0.9095160411720232,643,1.7132244297665022,0.0241387026985164,[]
340,658,0.25595770615104674,502,1.714846638978904,0.70605956675554,"[297, 305]"
341,320,0.8466545311450128,1986,1.7188915286236228,0.13442151034077152,[]
342,168,0.8573744421004413,100,1.7347355158307827,0.050729929053838135,[]
343,104,0.814098269961206,1796,1.7357573603341303,0.02552243846566519,[]
344,105,0.7612300083591439,100,1.7412482518987717,0.026976751616389332,[]
345,103,0.5070551309997732,2258,1.7436928147642303,0.032824837932256906,[]
346,111,0.9695722877810866,2119,1.752829124454176,0.025164801813543018,[]
347,852,0.2175286778933924,367,1.7569099226344955,1.096024162904459,[]
348,699,0.7545452281256556,1179,1.7571432069201653,0.46583213083890496,[308]
349,275,0.9466455726157401,1820,1.759160441186687,0.09968662632592278,[]
350,217,0.7922638652380831,2192,1.7611250822666547,0.07822370825745609,[]
351,188,0.25305666045377345,100,1.7678543561022333,0.10824531781222603,[]
352,136,0.744938147339787,2349,1.774430034850084,0.04028659733404768,[]
353,175,0.32819922530943046,983,1.7792497026668497,0.08839389133016858,[]
354,239,0.6959545034386072,293,1.779305404550836,0.09769721707035298,[]
355,127,0.8735524254125098,1912,1.781493103652397,0.03295037346439072,[]
356,120,0.7383547654698953,100,1.7836458982366221,0.03356810224401209,[]
357,322,0.14048032690577086,608,1.784004203059247,0.28528439278702966,[]
358,248,0.806092909384936,100,1.7860107792303357,0.09455912601976235,[333]
359,114,0.6879041774793644,100,1.7869101251413755,0.032402302143982875,[]
360,104,0.8560237039488457,100,1.791363891853533,0.02473333772503668,[]
361,178,0.3231768229489493,100,1.7976384600978876,0.09122983079334405,[]
362,127,0.11352778654809118,100,1.8075948770238237,0.07376856661196103,[]
363,206,0.8061227608470173,486,1.813733051374874,0.07158414348046978,[313]
364,119,0.716670504175751,100,1.820569722458935,0.03374018523378433,[]
365,136,0.6491812145646072,100,1.8325681049441536,0.04364352741936823,"[323, 336, 358]"
366,212,0.19353113949674824,496,1.8393416518345167,0.14074657190526138,"[325, 327, 354]"
367,121,0.7630302944028914,100,1.8396306555756439,0.03332454957205876,[]
368,109,0.7848974046152948,100,1.8397998252652932,0.028007303332262833,[]
369,388,0.5572796742321735,100,1.8428005382216248,0.2285902513852126,[]
370,359,0.7579886438423983,100,1.8540722090211061,0.17098773215682672,[364]
371,149,0.8960702140719194,866,1.8544954483795313,0.04119762132005565,[]
372,210,0.14518860517742754,461,1.8619135181995399,0.1491565238781738,[]
373,173,0.23365867014222796,592,1.8638471608294562,0.09807879025422817,[]
374,123,0.7584683117864778,1101,1.8737832010435327,0.0342779927561057,[]
375,101,0.6660838264463519,361,1.8744330583088173,0.027526582058515135,[]
376,118,0.8386003314959801,186,1.8747500215543687,0.030281130352604744,[]
377,167,0.9268621024603209,100,1.881435827486856,0.0478291544779355,[]
378,211,0.8233092652514787,866,1.8833248017299893,0.0732423600152792,[]
379,101,0.9709828186076999,100,1.885299521121102,0.021820990517186455,"[336, 355, 358]"
380,324,0.7567998395749062,2981,1.8888022798484514,0.14674097444458506,[]
381,193,0.9553041076292649,100,1.8961067224023616,0.05826157332502106,[]
382,221,0.8247811279514526,1725,1.904848524862693,0.07842314914220966,[]
383,190,0.8513568427353381,2247,1.9178878488210576,0.06128587010344006,[]
384,986,0.8721529029457191,2079,1.9206634566269993,0.7135310287249093,[]
385,258,0.7870468592277566,100,1.9243970669366524,0.10182049401245363,[]
386,162,0.7617183015575146,100,1.9267729479785847,0.051678526136463114,"[354, 361]"
387,128,0.8408304463417837,100,1.9270532180081643,0.0341539620495181,"[349, 356]"
388,139,0.7385991392928595,1214,1.930842786185222,0.04183997597673199,[]
389,190,0.8137476345141146,2469,1.934678202798167,0.0630403265828929,[]
390,101,0.693078934303884,100,1.9349546140713922,0.026903753987166792,"[343, 362]"
391,129,0.8410532014409252,1138,1.9351665287024589,0.034549244757831,[]
392,233,0.6310542661684806,659,1.9504673615717807,0.0994375554940335,"[387, 388]"
393,159,0.5922188180143804,100,1.9632641209094093,0.058047835683805026,[]
394,171,0.7136506395035066,310,1.9633244991358099,0.05826402409110958,[]
395,188,0.05,100,1.966973663170934,0.14820883189351322,[360]
396,162,0.6857660320233298,1331,1.9686482331036854,0.054988708111863835,[]
397,113,0.1049864247116493,100,1.970189075822844,0.06278733293508298,[363]
398,189,0.16368833388444337,100,1.9714686335523606,0.12380224565646847,"[355, 362, 383]"
399,128,0.725880659973692,100,1.972811876886064,0.037356550008855245,[]
400,103,0.6558480173036172,100,1.9853489636787647,0.028599280328420604,[]
401,355,1.0,1281,1.9904625108626852,0.141010440905787,[]
402,156,0.11925577749257528,100,1.9949579116724772,0.0994985680115177,[]
403,125,0.7208615513917949,589,1.9962672467690572,0.036199169163593864,[]
404,177,0.8636155485039436,100,2.006300850457144,0.05460946916327446,[]
405,109,0.9662076741014669,270,2.0198896847948764,0.024543938759528965,[]
406,365,0.8555575608141036,100,2.0235024576700114,0.16267519387790988,[]
407,644,0.36190092872873014,1133,2.026433467385684,0.5996135692393605,[]
408,4613,0.8625148863510392,9605,2.036395790134053,7.271666053652504,[]
409,104,0.7145423819631675,100,2.037258327719242,0.027614509572494336,[]
410,201,0.8053417480909545,100,2.0464041777353033,0.06903508407132455,[]
411,116,0.1803811854147534,100,2.0645123163887247,0.05806770853733333,[]
412,150,0.7928462787935487,100,2.064548154931355,0.04493554349502696,[]
413,225,0.9278623888051148,1103,2.0667165892995945,0.07474590819637428,[366]
414,963,0.8797843779895768,100,2.068523015530972,0.6849016416214845,[]
415,303,0.8045491476330753,1164,2.0685540306392816,0.12785081398445633,"[380, 390, 414]"
416,159,0.05,909,2.069824512695757,0.11527443359792454,[]
417,377,0.30570162829481357,952,2.074058326526536,0.2873014275764522,[]
418,136,0.05,100,2.0803878189583065,0.09118967608667874,[]
419,966,0.724963897145819,685,2.0817863574033186,0.775072629141002,[]
420,147,0.995085180236793,565,2.0987856818868083,0.03769728435028373,[]
421,103,0.05,100,2.105453682447209,0.06010258447984599,[]
422,129,0.0679074693936699,100,2.108830412895444,0.08158437384055263,[]
423,120,0.8759922743047472,1769,2.129304366728494,0.03021035812330915,"[373, 398, 405]"
424,128,0.35329333705355576,288,2.1296566792368794,0.05366814692040828,[]
425,134,0.7603604479823546,100,2.1389739476267193,0.03891906800314375,[]
426,142,0.9046674827280938,1044,2.139023328435216,0.03809421141528744,[]
427,126,0.893193454231631,1348,2.1473699850146866,0.03210290934427335,[]
428,206,0.8422108593489906,1968,2.148645485236679,0.06965945660797972,[]
429,131,0.8170202049493366,1217,2.1518618914428727,0.03600099514605476,[]
430,103,0.05,123,2.155518711042184,0.06010258447984599,[388]
431,123,0.695017446648187,100,2.1610158053748654,0.03609802333530718,[]
432,128,0.7710772321846288,100,2.166167364595782,0.036028237324719735,[]
433,138,0.7952889884368968,756,2.166884027985809,0.03957782793771972,[]
434,602,0.7761728962193749,100,2.1711291977058296,0.3660034846011252,[]
435,185,0.7537043897391529,100,2.178910961479452,0.06346911550393472,[]
436,106,0.8039345842456306,1261,2.1790203777939117,0.026466894950636807,[]
437,264,0.6636457828812578,947,2.180492860202238,0.11656954206015929,"[390, 404]"
438,121,1.0,568,2.182524456102306,0.02805994377122742,[]
439,179,0.8829213940826256,1280,2.1862682857783513,0.054762346791889564,[]
440,140,0.7034580490284448,100,2.1873184565169903,0.043527236746743525,[]
441,116,0.6219542847993488,573,2.187898266710999,0.03521371316480593,[]
442,147,0.25041010744808456,1085,2.204888117468151,0.07510646592827346,[]
443,218,0.09035986354948891,1530,2.2160680675327633,0.1724121695011643,[]
444,105,0.670734747584075,100,2.2209026710602426,0.029061996098478215,[]
445,271,0.30674169530323997,1095,2.222848107050147,0.17487166008746421,[]
446,739,0.19521484866708808,1139,2.2262862113942896,0.9137925609845362,[409]
447,107,0.7950795083826632,703,2.237594182072923,0.0270258420844243,[]
448,127,0.14266601607840548,100,2.243241911925125,0.07042392822703769,[436]
449,498,0.6959806280184102,2941,2.250828469178182,0.2938460579990156,[]
450,260,0.8370211889941741,1104,2.2526864759099485,0.09915662402713805,[]
451,123,0.9393181257934906,1085,2.253034751790125,0.029970975076426386,[]
452,101,0.6994398624310535,562,2.259388666295817,0.026761076683515597,[]
453,202,0.7103667341407939,623,2.260728268093178,0.0750084299727507,"[403, 417]"
454,148,0.7230437618834876,843,2.2699840795352166,0.04655331117086489,[]
455,105,0.8142851012992081,220,2.2750550054277214,0.025887753450912352,[]
456,145,0.8926481875105217,518,2.2835206455853982,0.03964702321281424,[]
457,194,0.7266734906513647,100,2.2881561960868,0.06965841926798508,[]
458,160,0.17343781782194623,1356,2.2900846269708475,0.0950347579335399,[]
459,100,0.08287838266227304,2473,2.290861328145959,0.05425278676016096,[]
460,144,0.9667382342938617,100,2.2908987837909174,0.037255562506023555,[]
461,180,0.2639903400983533,100,2.299285815455215,0.09995876696335695,[]
462,122,0.7402474298365544,2192,2.3019719011534256,0.03435827965815965,[]
463,192,0.7992876387791664,562,2.303114292858196,0.06475100841553738,[]
464,524,0.9748575914058534,657,2.3072861393557895,0.25718571491606285,[]
465,115,0.8281918788126313,100,2.310676122502653,0.029362020672671053,[]
466,166,0.6925035372274182,456,2.3258864712687304,0.05671559023768348,[]
467,191,0.7308615384821778,1069,2.3264085322753005,0.06781735533597802,"[433, 457]"
468,320,0.24334728316423723,131,2.332109622231499,0.24351920035707084,[]
469,191,0.9285385279014271,100,2.3323391119125243,0.058432987766357504,[]
470,710,0.7907694606199226,2976,2.3348962128052495,0.46348837042378926,[]
471,106,0.8490079628251496,759,2.346813087234632,0.025582576689508023,[]
472,354,0.21264128294336176,100,2.3549899234061415,0.29555200903320633,[]
473,101,0.803762632384502,100,2.3601702251499455,0.024619743915406594,[]
474,316,0.05,2744,2.3656525057155835,0.322974276794723,[]
475,215,0.7911876158993306,2018,2.3660272722064017,0.07720907294881568,[430]
476,197,0.26719446078144976,778,2.367358117591744,0.11397087452163789,"[435, 456, 459]"
477,107,0.7799265081998008,100,2.3747758389150397,0.027345799978431257,[]
478,405,0.17626746962034742,317,2.380625033591265,0.3811220165405717,[]
479,124,0.05,228,2.3826181771956514,0.07939073784893516,[]
480,206,0.05,319,2.383016762343338,0.16999578021014577,[]
481,525,0.9324698704973051,894,2.3975468637655823,0.2655543738978686,[]
482,314,0.7398033385627875,100,2.398560898230004,0.14191936869928048,[]
483,119,0.22204723207726823,100,2.4022224902405696,0.05685318959158986,[]
484,102,0.1986538545414348,1068,2.4041620874936473,0.04662707778751329,[]
485,238,0.7782381819828519,309,2.4043560472462855,0.09083508971381211,[]
486,380,0.7424158128301059,1100,2.4134310433339676,0.18854213677402162,[]
487,116,0.7395681718725162,100,2.418928592342838,0.0318725321167834,[]
488,222,0.2111326498506311,1628,2.424013985171739,0.14708854198685914,[]
489,245,0.16518174290373797,710,2.4438563235602317,0.1823092925613299,"[445, 467]"
490,182,0.13186197649304263,1331,2.4457759473625007,0.12288103490412915,"[472, 483]"
491,1716,0.9332076192716775,1570,2.44642291532846,1.5684360539507531,[]
492,113,0.8420963527127404,1227,2.450461210096089,0.028303097607557674,[]
493,446,0.8097913737608642,100,2.460541534285361,0.2274050800279606,[]
494,186,0.2652823875519785,1254,2.4676134984457994,0.10482085501170046,"[460, 485, 487]"
495,385,0.7948477071475354,1273,2.471819562430839,0.18448981788875748,"[462, 463, 485]"
496,119,0.6542375513379424,100,2.482078248477934,0.03556519897640431,[]
497,109,0.8349216807898544,446,2.482574022399576,0.026957769792610678,[]
498,210,0.849066215660986,881,2.4831299069191597,0.071333851872439,[]
499,222,0.17123952658191974,1934,2.4858032066301705,0.1558303116600142,[]
500,536,0.8477124347686056,673,2.5013112178484977,0.2911722276535643,[]
501,193,0.25212145783593537,1572,2.5052112498519294,0.11273220048900948,[]
502,521,0.8429116929161,100,2.5055212043298134,0.28003294623130975,[]
503,232,0.9043061377294813,1826,2.509251522094136,0.07957381562959366,[]
504,160,0.8742194980069105,100,2.5158517608337214,0.04657189051153906,[]
505,237,0.7823378246039597,100,2.5210828345836145,0.08997462936945076,[]
506,147,0.9731924682322397,100,2.530536660983869,0.03825749342508632,[]
507,858,0.7565988187432992,1736,2.5349108178994713,0.6324617780381786,[]
508,250,0.14286302407122656,100,2.5366888270652557,0.19444266557497716,"[470, 488, 500]"
509,103,0.1999073373769847,100,2.541319528005568,0.047229711275494766,[]
510,234,0.27046540869993424,819,2.541642112672996,0.14691652280290268,[]
511,224,0.6688125976819763,100,2.5449770840013035,0.09070414703212429,[]
512,117,0.822400313333153,1645,2.5514557612617463,0.030263269765951308,[]
513,191,0.8843863832178362,1307,2.558463170854727,0.06029658723644038,[]
514,141,0.7672361875931761,100,2.560692961430527,0.04178025657799445,[]
515,112,0.2170598794462857,100,2.5697547018531863,0.052272300073001585,[]
516,147,0.691476134297598,100,2.572215332545603,0.04730321451256551,[]
517,186,0.6723144223558919,1320,2.5886938461981726,0.06842665470871552,[]
518,133,0.8353422523805557,100,2.5903318213143605,0.03632326427188707,"[481, 499, 503]"
519,221,0.8798768661473552,100,2.6097110702501616,0.07529186880869622,[]
520,155,0.24398258070310824,100,2.6116194883423063,0.08202283575768751,[476]
521,189,0.8787138554003474,166,2.61755867043592,0.05959619962405828,[519]
522,197,0.8179914369546417,1231,2.6212774245966397,0.06634172360440564,"[487, 496]"
523,195,0.32907584241224286,2977,2.631063366039442,0.10386223315367094,[]
524,378,0.6529510448768749,100,2.632390931226452,0.2015704347592504,[]
525,283,0.3026894618257915,1165,2.6327685174595947,0.18755648798924268,[]
526,206,0.7394843764394003,1322,2.6395208993577337,0.07543272097076843,[]
527,137,0.9322744466885136,104,2.6463611629220196,0.03540418545561717,[]
528,205,0.7791331628779534,100,2.65029936893104,0.07256296714024338,[]
529,365,0.7870965884870217,100,2.658978471011086,0.1713279259618863,[]
530,268,0.1727589983396313,1769,2.6606993554025267,0.20622564745154018,[]
531,131,0.05,100,2.661168998347526,0.0862073418284311,[]
532,112,0.9084198244043543,434,2.663281520090224,0.02661306560675439,[]
533,213,0.24755884359285826,100,2.6893553151061416,0.13149947580854915,[]
534,100,0.8256170605694279,1393,2.689807442044559,0.023855137009250633,[]
535,124,0.148746588935345,100,2.6914977360368146,0.06730656709667271,[]
536,1172,0.16528135048877377,3114,2.7033071185590285,1.9071553400065524,"[512, 530]"
537,146,0.7511113880956309,1880,2.7064284924729103,0.04458957227987507,[]
538,269,0.09037796751314349,470,2.7083309072386053,0.23631880314115836,[]
539,370,1.0,100,2.721809338474727,0.15004147574735607,[]
540,117,0.7413584851111227,100,2.7386826674458353,0.03223900098237719,[]
541,597,0.2842297327013903,1217,2.7412786460448544,0.5881907533502739,[]
542,135,0.6669294868669075,100,2.7421297961006803,0.0425065677486104,[]
543,118,0.8102858577932335,385,2.742501988085318,0.030935487006123297,"[506, 507, 536]"
544,116,0.8033902723682338,100,2.755923516671158,0.03031185455846904,[]
545,588,0.8963906934075863,1155,2.767474595456698,0.32289330734363886,[]
546,129,0.7313950242964821,100,2.7674929105166433,0.037625923749631744,"[500, 524, 538]"
547,263,0.8957233807748687,100,2.7694011102970313,0.09663495950413875,[]
548,103,0.7467827543756554,591,2.7749902107058144,0.026513377208580963,[]
549,101,0.538084779494666,100,2.7856965871421697,0.030920694311121773,"[508, 532]"
550,141,0.8877082071242786,844,2.797026963558998,0.03815315985792162,[]
551,139,0.7077427727641296,1831,2.8024409063908196,0.042908936738415164,[]
552,107,0.8364279760781658,100,2.811476949612302,0.026189674944575216,[]
553,102,0.8750251445973932,100,2.8115833629184706,0.02369133957313033,[]
554,223,0.8176946184893766,123,2.8213695541667425,0.07991761640685334,[]
555,100,0.8758178308351264,100,2.8213841339923964,0.022984711996710098,[]
556,525,0.8600787715668438,100,2.8313387244005157,0.2796886824056847,[]
557,604,0.30302992136185286,1888,2.8314294838241434,0.5845527127379911,[]
558,148,0.7691135039564693,100,2.8321574719927214,0.044863392159209196,[]
559,429,0.5880360524953184,2092,2.835271394797683,0.2582513807455262,[]
560,124,0.721701082570376,2345,2.8353478473240528,0.03574107155986663,[]
561,120,0.7676670209204353,254,2.8378037690327877,0.0327919072561107,"[513, 555]"
562,235,0.23145789837867245,100,2.855244325980482,0.1557444070284789,[530]
563,124,0.8268100033985235,2898,2.8566116366819383,0.03290968993681838,[]
564,125,0.5104781688145316,229,2.8631755187356687,0.043735901663275664,[]
565,109,0.8486449683912647,100,2.8680689042270804,0.02668345799326596,[]
566,300,0.7407814038036188,2658,2.870194178235203,0.13243006926750864,[]
567,1426,0.18446322658096773,867,2.8721572089428364,2.4878785060775748,[]
568,113,0.23329994812328658,100,2.875344508314697,0.051800745611384535,"[538, 546]"
569,1085,0.7837717552832586,2144,2.886617540450714,0.8803528831638875,[]
570,168,1.0,100,2.886853361026031,0.045906339431499,[]
571,146,0.6196682746311282,559,2.8922754521861203,0.049824151432747966,"[523, 528, 552]"
572,103,0.20746928665932607,1240,2.8976553247409877,0.04672488557066259,[]
573,576,0.6026344490603387,1832,2.907366341646939,0.3964625485030122,[]
574,104,0.8894307166549595,406,2.9113301451452576,0.024138657531385766,[]
575,957,0.6569520435612528,2814,2.9134767759909725,0.8091938047847717,[]
576,105,0.18290288448191114,2040,2.91901963343884,0.04982244099386652,[]
577,147,0.7064220284133504,557,2.919840809695934,0.04671719335347797,[]
578,119,0.6678972916581406,100,2.9299520196732383,0.03514922799511697,[]
579,205,0.21665070404347803,100,2.9367421341616877,0.1295159512747474,[]
580,103,0.3289563224165446,241,2.937785780165148,0.039877157058830756,[]
581,109,0.3529490846888609,1259,2.9405512155624876,0.04219069110675579,[]
582,199,0.22239190997535946,100,2.944618555824157,0.12288722604236521,"[535, 536]"
583,105,0.338263914560366,2267,2.951015638398008,0.04058851642741339,[]
584,109,0.08802239508707416,1287,2.9593885251774728,0.0611992190477183,[]
585,152,0.8405803383535752,2925,2.960204324310805,0.04420511618812708,[]
586,105,0.05,100,2.9622271580244797,0.06186161575752957,[]
587,217,0.7069817530542428,100,2.964045211077138,0.08375078689486491,"[538, 548, 577]"
588,865,0.7542553397798669,1840,2.984637942657734,0.6414136567864854,[]
589,386,0.8516346379708517,1639,2.9887137176898966,0.17742779045278634,[]
590,127,0.36954796293838116,958,2.9907622902432,0.05204895798654073,[]
591,168,0.16074383066701733,547,2.9915173666063875,0.10421513747277095,[]
592,405,0.7106057617321478,1334,2.9929532756238273,0.21290202796798097,[]
593,185,0.817146613335481,100,2.9941491764277384,0.06041203607443601,[]
594,285,0.08715390550158764,1401,2.9957656462824107,0.2591285924624319,[]
595,114,0.2564985158284511,220,2.999887372127854,0.05088024532954176,[]
596,131,0.8799068122516388,960,3.0032375501680275,0.034360318816217796,[]
597,204,0.7042368152520248,1354,3.0096231227378927,0.07651266887427653,[]
598,123,0.7757433817968856,477,3.01241188527,0.03381382830647796,[]
599,102,0.23836491449187702,582,3.015801775297576,0.04411936020100242,[]
600,267,0.6424595314178284,286,3.026194874078683,0.12076082372974682,[]
601,107,0.9167613948020855,215,3.0308233517795533,0.02470466403780936,[]
602,211,0.8408751348870293,100,3.032296767288007,0.07228286295671316,[]
603,194,0.7197196986650861,100,3.032441702343012,0.07005555162406056,[]
604,123,0.9473812333665881,1118,3.0413677801809325,0.029804012018911988,[]
605,118,1.0,100,3.044023743066272,0.02702288741871313,[]
606,233,0.7901491722482269,2347,3.046342706580284,0.08717540093670065,[]
607,319,0.866115902052483,555,3.0475983785840617,0.13188593356824135,"[583, 594]"
608,102,0.8945073267869091,340,3.0518989145456663,0.02336035601713791,[]
609,134,0.2704947249593129,1555,3.0521357455041995,0.0636630626979156,[599]
610,188,0.8180071037695982,103,3.055909535467842,0.06184705477557271,[]
611,127,0.8576451345122423,100,3.057777212044024,0.03333644723480851,[]
612,142,0.6721647371197677,100,3.063445133270914,0.045650324020757665,[]
613,199,0.9548639295024037,718,3.070392434731484,0.061017897366305744,[]
614,102,0.7689609008622434,100,3.0795799359351905,0.025671545593023672,[607]
615,217,0.05,100,3.0804414933651003,0.18379213015642973,[]
616,415,0.8462262464454204,100,3.081960787800539,0.19858849824496064,"[586, 604, 612]"
617,209,0.8042279831593133,100,3.08498526634786,0.07325983144149951,[]
618,142,0.5180823523944742,100,3.0863523427498376,0.052559304195158404,[]
619,192,0.8191036242062758,100,3.0907696012661656,0.06377829860289853,[]
620,231,0.7739897550173503,100,3.0946629766732405,0.08714691832552196,[]
621,109,0.8032654602894272,100,3.0972607541261183,0.027612572003485752,[]
622,483,0.5536936100153749,164,3.098423375176172,0.3185710814288179,[]
623,109,0.7544155126169713,792,3.1049699163081272,0.028687871761743818,[]
624,508,0.07221516829368672,1761,3.1051393716500884,0.632755898802499,[]
625,110,0.9727994421941236,100,3.1087296494315995,0.02477110708268502,[]
626,125,0.05,1689,3.111362638965767,0.08035304331665313,[]
627,145,0.8789176058450454,100,3.112372824071471,0.04004180872262936,[]
628,130,0.6531064766170979,100,3.1192874806475195,0.04064860230300857,[]
629,249,0.479897953029466,1046,3.121976663156266,0.12679968369830366,[]
630,138,1.0,100,3.1285581405259526,0.03417648314265235,[]
631,105,0.8960377148738157,168,3.1301676872285555,0.024371754648273666,[]
632,143,0.9086895612586808,100,3.132714398772121,0.038387405454387805,[]
633,103,0.889607758949529,100,3.135971017967181,0.023788310946755382,"[606, 624, 631]"
634,173,0.7545029687039623,100,3.136218673306526,0.05735845719154756,[]
635,2477,0.6772797101341708,6254,3.1535579947749537,3.3113825103962578,"[604, 630]"
636,110,0.8201404866562356,986,3.158948568413735,0.02763559868261925,[]
637,193,0.30314304379956003,100,3.1751847221818026,0.105570617378101,[]
638,132,0.7791558437430735,100,3.176993132559639,0.03749189892966391,[605]
639,668,0.8274743473023899,888,3.18004579931014,0.41128091435270875,[]
640,153,0.7025258813714069,152,3.181628870224894,0.04976714348260788,[]
641,202,0.6896590531890091,100,3.1937604755840514,0.07631405668353508,[]
642,371,0.05,100,3.195746258228585,0.41086408039883876,[]
643,100,0.14881975339948272,763,3.196577326966837,0.04873892392455172,[]
644,231,0.07794884647299982,100,3.1972730557542044,0.19210053243567726,[]
645,166,0.785971975175726,789,3.2038274369139836,0.05259332495572959,[]
646,443,0.5533783211170379,1778,3.210539807801053,0.27991180394406917,[]
647,120,0.8339704031316668,100,3.211844698978155,0.03116202524738478,[638]
648,283,0.2939597371871866,100,3.2150693141353965,0.18961870401562525,[]
649,400,0.7546531559353655,704,3.2176581325830957,0.20163517830939323,[]
650,108,0.7408124607586797,1457,3.223824811772874,0.0286041789946511,[]
651,115,0.8316092769568294,100,3.22940157995774,0.029286666950905163,[]
652,109,0.7265686862329438,2875,3.2395999756954734,0.029339173391438947,[]
653,636,0.35330039507269395,2484,3.2460002321829577,0.5944067420567152,"[622, 644, 646]"
654,173,0.9037181405649051,100,3.2495319008938517,0.05126125590862408,[]
655,107,0.8693217601658705,100,3.250601467502969,0.025560547782490485,[]
656,180,0.7771994273190282,100,3.2512737113485177,0.05979295851114682,[]
657,107,0.8957993941480019,877,3.2557369010264092,0.025075676653154112,[]
658,228,0.7933551024690545,100,3.256565156436264,0.08417526450032492,[]
659,117,0.9065376272259603,100,3.262099569367546,0.028452958986891368,[]
660,188,0.677677976993807,1800,3.2819239171885197,0.069216593274089,[]
661,132,0.21454272174057595,100,3.2878780716654057,0.06711702484643883,[]
662,160,0.7651842603182687,245,3.294655947179612,0.05058551707235135,[]
663,396,0.9119687778553381,1075,3.313308655671608,0.17648901748644702,[]
664,105,0.8578928648571236,670,3.3133992609863254,0.025056386661418413,[]
665,101,0.731432508240987,1022,3.3185693306558477,0.026065823275717277,[]
666,102,0.14833858012398923,100,3.319778762473871,0.0502456411216799,[]
667,154,0.20824417666348427,100,3.3233306248273715,0.08532927760221921,[]
668,383,0.7983776882404059,1922,3.325104523941361,0.1825564227968807,"[648, 662]"
669,164,0.7590251293464456,1345,3.3282833825785745,0.052751082191023556,[655]
670,148,0.7998732146512504,896,3.332738069828352,0.043801761726295,[]
671,167,0.8061028583556321,100,3.337115408434986,0.05225132728306478,[]
672,1387,0.690976491981425,2631,3.340090841712589,1.371549551099954,"[649, 654, 670]"
673,344,0.2851772163592973,1802,3.3411929806046774,0.2569626336388992,[]
674,197,0.7697485612340064,100,3.3449967465404122,0.06886231360517686,[]
675,106,0.226082560063439,692,3.361625451974676,0.04753054481947079,[]
676,276,0.17723067841512588,100,3.365322170143962,0.21410509379609452,"[648, 664, 667]"
677,348,0.6840379388460202,440,3.368378316166021,0.17338169633003106,[]
678,101,0.8684661230543745,1271,3.3722329618957096,0.023455679022685923,[]
679,101,0.8209972621524632,1661,3.384248052319866,0.024298537972350615,[]
680,429,0.8223302339552206,1841,3.3849804151105234,0.21249367642254427,[]
681,204,0.9412380671092702,471,3.3931352847530785,0.06393070984892726,[]
682,106,0.8254315626553711,100,3.3955913921277654,0.026037632297356644,[]
683,213,0.34057130510158273,910,3.3981925691661203,0.11694855091041456,[]
684,456,0.7960057886416136,1948,3.39912741319522,0.23759665528734608,[]
685,463,0.7286525681892961,100,3.411696307154765,0.2564143897495682,[]
686,123,0.8204516002811226,100,3.4133867429792253,0.03266895027884511,[673]
687,119,0.9201931669539544,246,3.4139475053455124,0.028905003301359044,"[654, 681]"
688,412,0.753378921780607,735,3.414794048055389,0.21099076034853909,[]
689,172,0.7446291006924151,100,3.4188331327609647,0.05731294424641285,[]
690,110,0.71361340336043,100,3.433536571480365,0.030061362698277968,[]
691,110,0.1515045573201737,681,3.437351474367077,0.05599787796416036,[]
692,179,0.7919075046718197,237,3.4394057869549113,0.0586203119765251,"[659, 677]"
693,254,0.29909581870356616,205,3.4412847171162024,0.1601960180421939,[]
694,117,0.7167328846981057,100,3.4438707049006756,0.032891489927067676,[]
695,149,0.7952502554545138,508,3.4453229335856284,0.04440437033178702,[674]
696,268,0.9068792321394292,100,3.446633906141403,0.09861554342547166,[]
697,157,0.825737310641735,100,3.4498248939739327,0.04692367300444048,[]
698,110,0.5967646235701616,100,3.4501225199026897,0.03326408593956216,"[657, 658, 670]"
699,132,0.8094527567588469,2070,3.4516423426262546,0.036624445869746156,[]
700,159,0.9116681275067523,550,3.4518562559210006,0.04491207050968517,[]
701,101,0.8195076925422603,739,3.4623054266529762,0.0243259681752517,[]
702,539,0.6933967828372319,1026,3.4625350234338823,0.3315876028036604,[]
703,176,0.9349179048888706,376,3.4628683442899724,0.051456701919749916,[]
704,100,0.9560255529530931,100,3.467649019644061,0.021718558810693175,[]
705,525,0.17231106442311966,378,3.4698047546660917,0.5658074955435637,[]
706,179,0.7977563948019427,300,3.4710106563203382,0.058356114654502605,[]
707,236,0.7369154449209144,174,3.4768617595899407,0.09268895632021679,[]
708,1378,0.8785185082310377,978,3.485774330291969,1.173440909697166,"[660, 672, 699]"
709,377,0.87663884765724,340,3.488246353452891,0.16814811553785705,[]
710,120,0.8797975254581906,100,3.501600679925588,0.030127043000638173,"[665, 677, 686]"
711,126,0.805305931293262,1117,3.504837420146878,0.03426442957776206,[]
712,194,0.8675137056406921,100,3.5077013534761483,0.06248429976552399,[]
713,125,0.7779981972340326,122,3.5120333399439447,0.034580779471996545,[687]
714,127,0.10623011134559879,100,3.5251584162736966,0.07465657766455062,[]
715,126,0.8873972333478088,1143,3.531367300526213,0.03223702778497669,"[696, 712]"
716,110,0.23144445908748526,100,3.537664103368688,0.04987784409416905,[]
717,677,0.593469722495939,3475,3.543982780318001,0.5094202924544905,[]
718,185,0.7918105620427508,1361,3.5472108076847055,0.06159688661649986,[]
719,139,0.9775490849240048,100,3.5584829606214456,0.03507359502407298,[]
720,120,0.6256327397603464,396,3.5735211765676063,0.03692964668965064,[]
721,205,1.0,100,3.577538468221597,0.06187846511060568,[]
722,879,0.7408605270161953,3313,3.5786440246844036,0.6641410786188274,[]
723,142,0.7795870231127284,3401,3.5812582145921827,0.04181794523443643,[698]
724,778,0.8719168666355438,3375,3.581258478733821,0.5001975958926981,[]
725,183,0.998363365243602,377,3.5841838645240975,0.05224677503763702,[]
726,493,0.7852860495185894,329,3.588557433405471,0.2693212274805764,"[692, 701]"
727,140,0.770886811125597,666,3.5974945482239944,0.04121783541717655,[]
728,134,0.7112190447566524,100,3.60457629994429,0.04049808677946696,[]
729,130,0.27298579144231866,936,3.6074279160191343,0.06063781132842406,[]
730,129,0.3126490175928951,1031,3.623197292117538,0.057014005169284586,[]
731,303,0.6665015092224534,1475,3.6235958142484384,0.1429811012578902,[]
732,161,0.8426281180679608,1333,3.6347829216597862,0.048115286471640276,[]
733,192,0.7965492155815289,878,3.6379324437306457,0.06488776810146725,[]
734,208,0.8030757163683693,100,3.6408746275670394,0.07279898948054019,[706]
735,135,0.8333916890393301,100,3.6416157526781943,0.037199997344438435,[]
736,220,0.5678226735691705,100,3.6437226092128485,0.09663509613558618,[]
737,410,0.6488861286655194,100,3.6483569096675517,0.22850662670954555,[]
738,316,0.21210183852346148,2512,3.6496534127289704,0.24945287686017562,[]
739,242,0.21199358902728402,100,3.6506432822527257,0.16720411666168358,[]
740,104,0.7400691060004775,935,3.6508999373410354,0.027046067086610455,[]
741,194,1.0,100,3.6538275042711357,0.05696542421114369,[]
742,103,0.27974676932078246,1702,3.6666228424085183,0.042393790862012684,"[692, 700, 726]"
743,272,0.17705302086802882,1712,3.681510300970368,0.2095225040947873,[]
744,114,0.6977863756126378,100,3.6901651677891443,0.032134970692999185,[]
745,119,0.11788402918046637,775,3.6966304311588223,0.06643752911661983,"[706, 727]"
746,140,0.34762267984112805,100,3.7018158278219646,0.061800143696784396,[]
747,100,1.0,253,3.702688764020618,0.0210818510677892,[]
748,113,0.986662507862675,1824,3.7088854638643793,0.025550845513812214,[]
749,151,0.8035498207405942,677,3.7092704563197882,0.04501298219226826,[]
750,101,0.13435323636741156,333,3.710259329459478,0.05060004473153154,[]
751,127,0.7296643540262975,100,3.7110246961574083,0.03680603185907588,[]
752,117,0.25290698351727403,223,3.712640110159506,0.053154185440041885,[]
753,135,0.9333242988705813,100,3.7143147491608133,0.03460638135448094,[]
754,118,0.20596009889746364,100,3.715160839357865,0.05741731181602808,[]
755,105,0.13208005215676327,100,3.719773966754863,0.05382844870763765,[]
756,103,0.6702989503233537,100,3.7206421056366406,0.028246134421279115,[]
757,225,0.8435992773064197,258,3.7211578394472427,0.07943355793153109,[]
758,123,0.8346019026153483,505,3.7263013843008106,0.03232257318880683,[]
759,121,0.9182719327880678,100,3.730664915916226,0.029676900941062772,[]
760,393,0.2647129090142345,100,3.732530211242653,0.32217393684498347,[]
761,112,0.05,100,3.738771869872835,0.06814976216132106,[730]
762,105,0.7326078622336959,1643,3.7416902507386522,0.02760317349021624,[]
763,394,0.09151212237236601,424,3.746213985363737,0.41810049652636366,[]
764,207,0.19559944550581743,100,3.7467726926302833,0.13539302485590124,[751]
765,140,0.5931624284568968,369,3.747643943194006,0.047918957010605535,[]
766,128,0.612699416906938,2300,3.7477652808765507,0.041156372946159085,[]
767,137,0.793661014796519,756,3.74953469312939,0.039197679727465226,[]
768,144,0.8759787236953077,100,3.7589066208982755,0.039712938162995766,[]
769,275,0.28931883472072517,1191,3.7671849346913207,0.18270337698760264,[]
770,100,0.8749745475438349,100,3.7681323248859067,0.022998808711166815,[760]
771,209,0.6660213971557142,1664,3.7702797850692074,0.0819431979898551,[]
772,1664,0.25427311645443823,3501,3.774560566726812,2.845780203591101,[763]
773,199,0.7653415418381181,116,3.7875622682450665,0.07015713544294203,[]
774,282,0.6998378134509603,650,3.7916658435177557,0.12481049846513144,[]
775,272,0.8796965795509926,2177,3.7931166249206365,0.10281814598929843,[]
776,133,0.8805651032893672,1400,3.795382631754506,0.03513343152819747,"[728, 729, 736]"
777,207,0.8836635747901314,1743,3.799482705506128,0.06806518197850586,[]
778,125,0.8660776476772457,100,3.799658271466818,0.03235114336238718,[]
779,122,0.9415310952419623,100,3.8006011178513965,0.029560769226754338,[]
780,316,0.7136945953655018,2052,3.804874445064365,0.14635959731171333,[]
781,170,0.2630927514342926,1106,3.805869062974715,0.09185357285042392,[]
782,176,0.24119823680087088,966,3.823225479073468,0.09961726734519387,[]
783,142,0.8280241105709688,189,3.8264336588595302,0.04029271730030393,[]
784,178,0.781785750432958,1983,3.831411967653353,0.05858879476953828,"[736, 769]"
785,210,0.7313340790826682,100,3.8350035598433765,0.07815432970535996,[]
786,256,0.8478530314149904,100,3.8417737892398605,0.0960986768895108,[]
787,170,0.9708964052029894,859,3.8450846119119904,0.047653115057975245,[761]
788,247,0.21833175459964138,796,3.850891387717399,0.17089146174462932,[]
789,647,0.8773028231250899,2900,3.852798225851707,0.377856574685476,[]
790,192,0.602451204279616,2066,3.85296169555214,0.07631193517337342,[]
791,251,0.7834330906270349,533,3.8575947760944103,0.09797998074002567,[785]
792,186,0.6414222643320022,100,3.8582422724481313,0.07027859600718393,[]
793,463,0.7747650961712754,286,3.865033892857478,0.24713902148146774,"[779, 788, 791]"
794,211,1.0,100,3.8689339089360844,0.06461486241140225,[]
795,192,0.31826800550659773,1192,3.8690566033856055,0.1028149509288313,[]
796,100,0.9079717007194261,1576,3.8849216716104036,0.022459809799817442,"[755, 756, 794]"
797,142,0.8045409126379882,162,3.893724706814313,0.041018031352515076,[]
798,397,0.5418242397424726,100,3.8966729479447255,0.2400995258220938,[]
799,218,0.6204693460719783,100,3.9005788798377674,0.09084159706627092,[]
800,121,0.7098999397560002,100,3.9044461494666294,0.0347879310295109,"[763, 782, 783]"
801,186,0.6542899177680929,100,3.9100216029427086,0.06949515278076814,[]
802,149,0.7760795982604747,100,3.9152375290180856,0.045071461132947285,[]
803,135,0.05,347,3.9153228597441614,0.09018575871156247,[]
804,109,0.7799644998300268,704,3.9188889204086212,0.028115241763874425,[]
805,549,0.8377044773537936,845,3.9267642999213437,0.3040873374552081,"[756, 772, 777]"
806,314,0.680784927234664,780,3.9289492307968037,0.1490128329569396,[]
807,298,0.13328973752293383,387,3.935655529324424,0.2568750630298451,[]
808,103,0.0965381340892755,2025,3.935673449121007,0.0554137607889594,[]
809,115,0.7889899908771925,895,3.947865531068984,0.03025500405664968,[]
810,283,0.736330123602447,1343,3.948284270245516,0.12177137281695104,[]
811,1135,0.14114225523497562,3192,3.9560060086591493,1.8859900265354312,[]
812,188,0.7747903655541666,285,3.957719109999279,0.06394373517719268,[790]
813,186,0.8007349575464751,1292,3.9623199575521237,0.061670945124674054,[]
814,157,0.33616072363167515,370,3.9923048474669205,0.07439773514373013,[]
815,227,0.16862712769401525,194,4.000074432224425,0.16175391201836536,[]
816,444,1.0,1485,4.0102114854400845,0.19723464198765894,[]
817,249,0.8039460580464105,2705,4.010474305152945,0.09528825961321255,[]
818,124,0.15268784953906445,100,4.011416742444589,0.06690013587314518,[]
819,111,0.7316766957222313,963,4.016127075107126,0.03002532685819863,[]
820,320,0.7845959969973029,100,4.030029201080587,0.14091538227340142,[]
821,148,0.9099469081034057,100,4.031066852014179,0.04038218495697529,[]
822,337,0.17447418433378037,922,4.033021775323231,0.2900544412722273,[806]
823,290,0.912168914238792,809,4.035257375991459,0.11058859732164655,[]
824,230,0.7810809818724921,373,4.035966412410979,0.08610238275098467,[]
825,121,0.7249279665507188,1034,4.038162323490229,0.034361135353421925,"[784, 813, 818]"
826,106,0.22156481514766593,405,4.062383568240785,0.047828135379174214,[]
827,384,0.3116634135676143,1001,4.068643630074613,0.29317090411290436,[]
828,288,0.9227297806792577,929,4.070444059605869,0.1086341346780517,[]
829,113,0.9137581018661601,100,4.07078765140371,0.026868446603018594,[]
830,117,0.6234541974701822,2638,4.0741995756971505,0.0356224201316778,"[782, 819, 820]"
831,295,0.25838830222840015,1874,4.085499657880323,0.21127173477545105,[]
832,370,1.0,1695,4.0869649480261945,0.15004147574735607,[811]
833,155,0.05,560,4.089684616895868,0.11095192913380278,[]
834,150,0.6383830280269671,100,4.092861730477293,0.05103269177668647,[]
835,158,0.8168922280138754,100,4.104118777501252,0.04769088655346664,[]
836,329,0.8095193259068026,2414,4.110677252873111,0.14410595729801556,[]
837,201,0.18575865187085439,100,4.113424105807297,0.13140829805854143,[]
838,238,0.27248149763107393,100,4.114905414055188,0.15030635722939267,[]
839,174,0.7801290286344418,388,4.121014123167893,0.05669831161963594,[]
840,560,0.06602447467038507,570,4.121786064020884,0.7403666202997978,[]
841,2478,0.16680748066529444,4507,4.123631005504714,5.849941049735277,[]
842,105,0.14089593286850452,604,4.134170918827815,0.05308800839842761,"[812, 836]"
843,112,0.8152525882897617,100,4.135256568518744,0.028498228798367428,[]
844,404,0.7678247296009792,775,4.139589441349583,0.20254094362639594,[]
845,172,0.8417095324423247,100,4.144248919860106,0.05316602180324281,"[802, 838]"
846,137,0.6955760252882117,864,4.147088111360317,0.042413455155791986,[]
847,101,0.6910690071751134,1970,4.148542756009964,0.02694915403089123,[]
848,182,0.8368616776943312,100,4.163246059850029,0.05807919763392799,[]
849,134,0.09779022124933888,670,4.16518350469054,0.08205563128982386,[]
850,207,0.11001173829543039,203,4.171584555807718,0.15438934548749444,[]
851,160,0.9407293303529942,552,4.176908105568762,0.04442194564354382,"[813, 823, 838]"
852,2193,0.7126765189157017,5214,4.213448683958485,2.6780148389472407,[]
853,884,0.374749694188919,100,4.216045511609808,0.9501553065367174,[]
854,182,0.6755248401028854,1042,4.217227790384542,0.06605037251381093,[]
855,113,0.7934045566478106,1450,4.218712398891475,0.02936860232503352,[]
856,157,0.245776223685728,2327,4.220515437731657,0.08341438366980429,[]
857,126,0.2587058595848683,453,4.223929018989263,0.0589498059033115,"[815, 833, 852]"
858,504,0.7520796625803784,2060,4.240835183202732,0.2857681631410535,[]
859,133,0.06617886182146125,466,4.260835222738987,0.08566902227785941,"[823, 833, 849]"
860,188,0.9091298956295268,317,4.26623710682135,0.057847653217956624,[]
861,222,0.32751244046611433,2917,4.279303592090165,0.1264022865527714,"[818, 826]"
862,194,0.767917280332939,903,4.280858888423565,0.0673925165640758,[824]
863,117,0.18001254921952176,100,4.28765810825732,0.058852086578273476,[]
864,147,0.7649129576900743,533,4.2900554304436325,0.04455694032117816,[]
865,246,0.6531929987411348,342,4.2958892539405795,0.10580365327117232,[]
866,180,0.22455339982091505,283,4.311737546225289,0.10539945349372812,[]
867,195,0.2046579581475942,1342,4.314374728090374,0.12220066125849444,[]
868,768,0.8426548379517975,1093,4.324231312179652,0.5012766197521502,[]
869,735,0.18748892612997725,1903,4.337940293897079,0.916569289163851,[]
870,432,0.8748140580275277,1131,4.33811713503965,0.20652929183605487,[]
871,382,0.7043975037267952,100,4.340759678976298,0.19603119964477678,[]
872,135,0.6972827041648098,619,4.3461632641540175,0.04142895167433361,"[823, 849, 860]"
873,209,0.8265163922746588,100,4.350546610714299,0.07202890425175748,[]
874,186,0.2516396667786579,100,4.355656122617757,0.10672341779457507,"[832, 846]"
875,147,0.7114071294535063,543,4.357209586211097,0.04652494590543411,[]
876,160,0.7895100362209878,1372,4.358243146936362,0.04963125388892444,[]
877,398,0.0706697180790233,489,4.359556249686295,0.43998693456340693,[]
878,133,0.8175708942604567,1416,4.362772063477914,0.036813191409985416,[]
879,469,0.8826889219816709,680,4.3741390650022565,0.2322922821687936,[]
880,127,0.9677059175297112,100,4.375733769221909,0.030836603470562537,[]
881,116,0.7316314284970915,100,4.381341117543338,0.03207792157200749,"[835, 836, 867]"
882,243,0.25034807966039996,1222,4.389449979532377,0.1596418070138784,[]
883,197,0.8919869918353089,1797,4.390150020178016,0.062815115468955,[881]
884,120,0.8307039237251822,188,4.392474527445758,0.03123851868211516,[]
885,605,0.16927537743382687,2579,4.40521231712412,0.7031179970851009,[]
886,248,0.7321665370664507,100,4.408202632006781,0.10023239578156772,[]
887,185,0.7845350293439167,100,4.415245222594798,0.061945767847830416,"[870, 882]"
888,148,0.8169268357915573,100,4.41672926374879,0.043234548249086714,[]
889,136,0.9037587057761567,100,4.422492949229166,0.03572859184509373,[882]
890,325,0.21624392584440685,1951,4.425060680906344,0.25868073695728466,[]
891,1907,0.7032128109864102,4002,4.427674677561015,2.18868666664196,[]
892,105,0.8326853247753334,934,4.429200863991671,0.025530324401506467,[]
893,677,0.7619069881787508,1667,4.433462570525508,0.44142371113100365,[]
894,156,0.3866930927674413,100,4.450244747228383,0.06948860163223405,[]
895,161,0.7199271024663642,100,4.452201857970841,0.05295475147253757,[]
896,159,0.6769140768708444,100,4.4555533178477695,0.05387049039928866,"[856, 877, 878]"
897,174,0.7865380145227248,462,4.460222057479905,0.0564158647156519,[]
898,121,0.9324087783612096,100,4.46289482045132,0.02938401124921572,[]
899,157,0.11758665163282778,1250,4.462914505758759,0.10072831705456571,[]
900,125,0.8411143533319644,100,4.463369786571661,0.03295332252194597,[]
901,303,0.24439858215605298,325,4.469064408009167,0.22405694261874962,[]
902,206,0.7696512240501565,2406,4.474166471227889,0.07364044341037601,[]
903,126,0.8072627388179403,1691,4.476215039316567,0.034213140046105095,"[893, 896, 901]"
904,191,0.8170565383207999,347,4.480970902039098,0.0633790364315419,[]
905,237,0.17232489692217468,100,4.483825374541418,0.17161028994070507,[]
906,307,0.7257915905077224,754,4.483908751487708,0.13876851015554736,[904]
907,268,0.7161638119999193,100,4.4881372574865726,0.11408015815179454,[]
908,468,0.19864967554070234,100,4.501235726226588,0.45825722186166795,"[873, 879, 906]"
909,330,0.9543577218857582,422,4.51179279108667,0.13034658838263863,[]
910,3182,0.3539543987689734,5936,4.513651753955928,6.6468454833688435,[]
911,385,0.7199964010647676,802,4.527386069716165,0.19580895277792046,[]
912,197,0.9262245332822112,1384,4.537530057892705,0.061307193631142426,[]
913,161,0.7628709698569631,100,4.553132192633124,0.05115402766209449,[]
914,1178,0.7471894518577494,2632,4.554953234803022,1.0251454926611596,[]
915,205,0.31438574374137096,155,4.56167600993319,0.11397264549290188,[]
916,180,0.7284352435850043,1317,4.568274215976397,0.06216651041798501,[]
917,451,0.67653866920153,1001,4.573775563440663,0.25742967425628244,[]
918,971,0.7602926975715363,3486,4.579833885311742,0.7592021424686518,[]
919,118,0.8377545661449115,1700,4.588310331186659,0.030300274918799146,"[879, 896]"
920,165,0.8660343054562682,1077,4.588949513667056,0.049064153492001994,[]
921,301,0.7604953147830433,911,4.589024219810787,0.1310112250512728,"[876, 897, 914]"
922,219,0.7083533786207673,498,4.597539574849365,0.08481491116326119,[]
923,3695,0.7687848782664208,7176,4.613309330251599,5.598010002614017,[]
924,234,0.703581699482989,769,4.623018937407066,0.09404770680273332,[906]
925,213,0.886879833830555,449,4.632384287654286,0.0708811201017986,[]
926,128,0.05,2282,4.641776022745525,0.08326304032581035,[]
927,121,0.77181551506029,100,4.642303001277283,0.033094356184863706,[]
928,112,0.8826838630709115,119,4.647175167321693,0.0271084158785791,[]
929,110,0.1027837782056675,299,4.648783363097907,0.060523978934054166,[]
930,123,0.16183689045867888,986,4.653232480611622,0.06517885040422768,[]
931,203,0.2777797630877715,100,4.655138382202286,0.1175946104390444,[]
932,145,0.8381244655162099,249,4.668291679976573,0.0412624957097793,[]
933,425,0.8536807469224904,100,4.670287629460722,0.20467610465097125,"[892, 908, 921]"
934,163,0.807637701661007,2102,4.675408634920008,0.050326180740196895,[]
935,118,0.06039949341595605,599,4.677999352420911,0.07233113449298413,[]
936,115,0.10575835883833476,1895,4.678669188308316,0.0643794622624072,[]
937,1097,0.05,1707,4.683735366792161,2.089042386492429,[]
938,235,0.9907195726692203,100,4.696393616282435,0.07641978997116303,[903]
939,294,0.72836520608641,1821,4.699596723200809,0.1297757326078832,[]
940,1137,0.7816306033623407,2611,4.704115673625342,0.9459710112276939,[]
941,151,0.7060415511405252,100,4.70966298359997,0.048652274718264645,"[903, 922, 923]"
942,372,0.594083951630768,1542,4.714422977288872,0.2073785158895989,[]
943,102,0.9252346362298008,1340,4.725000074986481,0.022856719023068267,"[910, 912, 917]"
944,212,0.7030019242564395,100,4.725024999432798,0.08114046073039309,[]
945,131,0.5866576496781228,100,4.725553393778204,0.043632912370958364,[]
946,134,0.14720970529608549,100,4.735046031373257,0.07579004700038862,"[906, 915, 940]"
947,284,0.6782798172817743,823,4.735969274653504,0.12844851015302905,[]
948,102,0.20883403516995633,311,4.752157034060669,0.04595742586547599,[]
949,199,0.28408842797305156,1717,4.766655982709897,0.11321776315689866,[]
950,183,0.6857162891902764,100,4.7678593119320345,0.0660230903313133,[]
951,192,0.7963440761208782,2287,4.770448520155013,0.06489803624091908,[]
952,116,0.6892935985409856,100,4.785883879598147,0.03321986801023525,[]
953,432,0.9809174934172493,100,4.808515320326058,0.1917320681758454,"[911, 913]"
954,206,0.759792374056015,776,4.8106020124580136,0.07421673685367373,[]
955,115,0.7564893149387861,854,4.8109339682954575,0.031037587776757358,[]
956,117,0.7475182803707136,638,4.814785413567181,0.03207981642488423,[]
957,131,0.8130743345912131,100,4.822239862007552,0.03610918038421493,[944]
958,247,0.6435026106558221,100,4.823549426656017,0.10735153765037192,[]
959,103,0.2822682426574144,541,4.823921484936703,0.04225714360028289,[]
960,110,0.21803050513375033,100,4.841806761253915,0.050809641697762684,[]
961,1269,0.7884811671223522,1354,4.8440905573022475,1.1094669205618581,[]
962,150,0.8822572921200481,100,4.85301623797744,0.04202889760415585,[]
963,426,0.5927864883903513,647,4.8532677257320564,0.2544363062081858,"[947, 954]"
964,169,0.7344783694065029,235,4.858930026750044,0.056279025955959634,[]
965,138,0.797088811887064,100,4.8668648609592795,0.039522910261939784,"[922, 932]"
966,786,0.6000069134227985,2926,4.868873722362106,0.6334880172563073,[]
967,167,0.9096091434159942,1887,4.869948226752226,0.04841456104058935,[]
968,142,0.7703785973449776,100,4.871705028182258,0.042121065458010705,"[919, 929, 952]"
969,195,1.0,801,4.872078050337719,0.05740644563113101,[]
970,139,0.1910492968838462,2626,4.875441286200749,0.07499169518947464,[]
971,270,0.7541070295560122,2667,4.878650565605453,0.11186933180874338,[]
972,109,1.0,954,4.881081355633263,0.02399100757459854,[]
973,111,0.22754188353702146,100,4.888591755112005,0.05083074419426772,[]
974,163,0.9017564451697063,533,4.910066562029872,0.046947108068064056,[]
975,174,0.713345291435893,175,4.915215035339809,0.05981904334335339,"[930, 946]"
976,167,0.86621687539475,100,4.915254414612414,0.04995225073439959,[]
977,148,0.8495765573015511,940,4.920575826853893,0.04218859353662081,[]
978,105,0.1402618938954857,320,4.9211194309320865,0.05314058042660152,[]
979,126,0.7152372787503116,1070,4.92811530982783,0.03680397560402904,[]
980,140,0.28229885920033215,321,4.935002510967776,0.06696060309787673,[]
981,214,0.9544841462418259,1032,4.935951795334114,0.06806309100655333,[]
982,234,0.8245498681794313,212,4.944361407587976,0.08545854067517654,[]
983,156,0.28234231845623114,1257,4.945097908467875,0.07875716504119723,"[977, 979]"
984,102,0.7343377241811216,1502,4.945126161942922,0.026391632520071446,[]
985,106,0.8453166896300501,641,4.948758299519579,0.025652770035300476,[]
986,286,0.9208005310585488,1797,4.955246396447094,0.10765047214298987,[]
987,239,0.05,1947,4.95750405084467,0.21243895768855964,[]
988,122,0.8356249320697575,100,4.975886813652174,0.03190474138095266,[]
989,314,0.7454713099697248,100,4.980633973797228,0.14127351285544118,[]
990,116,0.23012047190917212,100,4.985395055205472,0.05411185946565832,[959]
991,187,0.860860216393059,100,4.986176306545951,0.059422222581667315,"[964, 973]"
992,359,0.8236156722077083,2454,4.986928691225798,0.16250988093158436,[]
993,104,1.0,1517,4.98970001702868,0.02235932815528131,[]
994,127,0.31140902868275455,258,4.994598636284996,0.0557783605929745,[]
995,105,0.2152067435469113,100,5.011047889498894,0.04757210271523341,[984]
996,188,0.8691159398322071,100,5.012476401061057,0.05953831605482761,[]
997,171,0.11255198016852822,100,5.020306237042273,0.1154386442090485,[]
998,165,0.8938091368939709,978,5.020641872374158,0.04808643813858514,[]
999,108,0.8668743402621395,1957,5.021798942614144,0.025966118962719,[990]
